"Tair","SW","VPD","SWC","Type","DryWet"
0.650229365699446,1.13106712147518,0.923564146916483,1.10898068743724,"Dryland","dry"
