"Tair","SW","VPD","SWC"
0.146673330648726,0.0414721039729383,0.0654320508412886,0.0743319798604291
