"Tair","SW","VPD","SWC","Type","DryWet"
0.991571923935007,1.85741486082941,1.17250922749362,1.1748525348209,"Dryland","wet"
