"Tair","SW","VPD","SWC","Type","DryWet"
1.02320139386372,3.25281724402929,1.7336266861312,1.65447142698546,"Forest","dry"
