"Tair","SW","VPD","SWC","Type","DryWet"
1.15944583693917,3.18297382761179,1.63996946852476,1.90907657233067,"Forest","dry"
