"Tair","SW","VPD","SWC","Type","DryWet"
1.03678399056769,1.86756356854713,1.13689215909731,1.15657974480299,"Dryland","wet"
