"Tair","SW","VPD","SWC"
0.355271796444986,0.126055693120501,0.086913206708745,0.0436125618853631
