"Tair","SW","VPD","SWC","Type","DryWet"
1.08186370087006,3.27320057962025,1.74069541304971,1.61352485757875,"Forest","dry"
