"Tair","SW","VPD","SWC","Type","DryWet"
0.969798282459457,1.85058181186655,1.17910625881569,1.17382850537716,"Dryland","wet"
