"Tair","SW","VPD","SWC"
0.357505538924679,0.134646035233406,0.100012526080728,0.0445597194155148
