"Tair","SW","VPD","SWC"
0.172784584244069,0.0462587538663014,0.0797218916869197,0.083719863084713
