"Tair","SW","VPD","SWC"
0.144521938628719,0.0390950447233212,0.0657881674044835,0.0749370398305632
