"Tair","SW","VPD","SWC","Type","DryWet"
1.12736753893471,3.17715413831256,1.71759877447081,1.98270906313463,"Forest","dry"
