"Tair","SW","VPD","SWC","Type","DryWet"
1.51350650927365,3.32726822445611,1.73159740050604,1.12061612397905,"Forest","wet"
