"Tair","SW","VPD","SWC","Type","DryWet"
1.46629316311553,3.34923028015126,1.72474514252171,1.03102804387936,"Forest","wet"
