"Tair","SW","VPD","SWC"
0.114193994526205,0.0343200590935673,0.0493059971706769,0.0589318726167281
