"Tair","SW","VPD","SWC"
0.339282833793386,0.127028565941998,0.104749914907886,0.0428691600512381
