"Tair","SW","VPD","SWC","Type","DryWet"
0.659140237041831,1.16177672309555,0.896370725755859,1.15967612103244,"Dryland","dry"
