"Tair","SW","VPD","SWC"
0.360313666425332,0.123055986092399,0.0878567023679183,0.0473247514521056
