"Tair","SW","VPD","SWC","Type","DryWet"
1.40279012341851,2.67019835621877,1.45221838246697,1.3607943411194,"Grassland","wet"
