"Tair","SW","VPD","SWC"
0.175003644782976,0.0496914815453867,0.0771374306851852,0.0844596915888407
