"Tair","SW","VPD","SWC","Type","DryWet"
1.81632902653435,3.29195134509272,1.71223534081266,1.01079792076749,"Forest","wet"
