"Tair","SW","VPD","SWC","Type","DryWet"
1.45947482814755,2.82845167126345,1.33766988453766,1.35635018104146,"Grassland","wet"
