"Tair","SW","VPD","SWC"
0.345300941587468,0.10018507614816,0.112853725509321,0.0471356257130776
