"Tair","SW","VPD","SWC","Type","DryWet"
1.10359100485803,3.20552561006469,1.65396065769256,1.95549804045493,"Forest","dry"
