"Tair","SW","VPD","SWC"
0.112867509548423,0.0362517567995015,0.0476228952216011,0.0590120093751763
