"Tair","SW","VPD","SWC"
0.34231604839613,0.103442210330622,0.116514484902936,0.0463453964048944
