"Tair","SW","VPD","SWC","Type","DryWet"
1.57960591509125,3.28357686495708,1.74496474005626,1.0910101325752,"Forest","wet"
