"Tair","SW","VPD","SWC","Type","DryWet"
1.46609305414866,2.93416081769907,1.32715553605159,1.31943212547421,"Grassland","wet"
