"Tair","SW","VPD","SWC","Type","DryWet"
0.856883934283044,1.84602099101941,1.05226353400955,1.81013888843242,"Grassland","dry"
