"Tair","SW","VPD","SWC"
0.175946772794403,0.0472313388477151,0.0770751182170432,0.089040807297599
