"Tair","SW","VPD","SWC","Type","DryWet"
0.657457274035894,1.1358551444993,0.928383941931258,1.17403269711744,"Dryland","dry"
