"Tair","SW","VPD","SWC","Type","DryWet"
0.798465210856256,1.71485079336291,1.21957533795992,2.56257985164512,"Grassland","dry"
