"Tair","SW","VPD","SWC"
0.341861981173729,0.123559880122152,0.0990145404785526,0.043433022982883
