"Tair","SW","VPD","SWC","Type","DryWet"
1.7128035286205,3.39368790125899,1.78972022357889,0.995530800219367,"Forest","wet"
