"Tair","SW","VPD","SWC","Type","DryWet"
1.05043019468952,3.34333304117362,1.79964871369292,1.58548005054772,"Forest","dry"
