"Tair","SW","VPD","SWC"
0.146365773354554,0.0431808561433543,0.0605382628789316,0.0737293298647621
