"Tair","SW","VPD","SWC","Type","DryWet"
1.7502772270661,3.36312131054095,1.74403739852478,0.984593666765734,"Forest","wet"
