"Tair","SW","VPD","SWC"
0.352631864054358,0.120716594156681,0.106576654603336,0.0448143987292636
