"Tair","SW","VPD","SWC","Type","DryWet"
0.867400496536473,1.87618452746868,1.03130149919051,1.65390811988756,"Grassland","dry"
