"Tair","SW","VPD","SWC"
0.111336456766909,0.0365537438909631,0.046579641552138,0.0571406600017948
