"Tair","SW","VPD","SWC"
0.344614431320322,0.104441775827601,0.124134638590572,0.0461444319777193
