"Tair","SW","VPD","SWC","Type","DryWet"
1.11779568173041,2.1493990821877,1.67665302578879,1.48672407394418,"Grassland","dry"
