"Tair","SW","VPD","SWC","AI","DryWet"
0.214131421243634,0.0603165039107419,0.108065100240747,0.0841943111853856,0.5,"dry"
