"Tair","SW","VPD","SWC","Type","DryWet"
1.34430020215384,3.39398907156929,1.61767462524681,1.06597817042137,"Forest","wet"
