"Tair","SW","VPD","SWC","Type","DryWet"
1.31319894665503,3.41638040104648,1.62833559352196,1.0414695318683,"Forest","wet"
