"Tair","SW","VPD","SWC","Type","DryWet"
0.879508688158934,2.1018295210557,1.04051437745974,0.561106205118802,"Dryland","wet"
