"Tair","SW","VPD","SWC","Type","DryWet"
1.33166888047967,3.3958071580205,1.61659445856221,1.05596968816877,"Forest","wet"
