"Tair","SW","VPD","SWC","AI","DryWet"
0.159492051575838,0.0434498090043128,0.0796621401431981,0.0635736696813612,0.5,"dry"
