"Tair","SW","VPD","SWC","Type","DryWet"
0.869907091782556,2.11044893652397,1.0645972127605,0.565485617773196,"Dryland","wet"
