"Tair","SW","VPD","SWC","AI","DryWet"
0.212601768791165,0.058490598738064,0.104286411700746,0.0891919121327867,0.5,"dry"
