"Tair","SW","VPD","SWC","AI","wetWet"
0.413854862873811,0.0426515899159709,0.119699499557929,0.0503834003010627,0.5,"wet"
