"Tair","SW","VPD","SWC","AI","DryWet"
0.216756181662885,0.0655343116235433,0.106117291686368,0.0846722944180657,0.5,"dry"
