"Tair","SW","VPD","SWC","AI","wetWet"
0.415913482561091,0.0433871520713659,0.119587862889277,0.0522503857162411,0.5,"wet"
