"Tair","SW","VPD","SWC","AI","wetWet"
0.415947262484592,0.0444644018967637,0.120912028633648,0.0508008431882766,0.5,"wet"
