"Tair","SW","VPD","SWC","Type","DryWet"
1.12801950539692,3.45906935326415,1.66908361259248,1.50252716529192,"Forest","dry"
