"Tair","SW","VPD","SWC","Type","DryWet"
1.08043579295681,3.45908483461928,1.70664069632896,1.46807790405681,"Forest","dry"
