"Tair","SW","VPD","SWC","AI","wetWet"
0.447892237037288,0.0425150393752773,0.0984199348181463,0.0472658863814377,0.5,"wet"
