"Tair","SW","VPD","SWC","Type","DryWet"
1.50362883213558,3.28184008159616,1.24922684482335,1.07737843139448,"Grassland","wet"
