"Tair","SW","VPD","SWC","AI","wetWet"
0.448532319581124,0.0423968111211474,0.0987726041337062,0.048993394942816,0.5,"wet"
