"Tair","SW","VPD","SWC","Type","DryWet"
1.0931155035096,2.16211224993116,1.71467156975466,1.46353384621096,"Grassland","dry"
