"Tair","SW","VPD","SWC","AI","wetWet"
0.457298714175063,0.0431792991329222,0.11087099080422,0.0485245070618268,0.5,"wet"
