"Tair","SW","VPD","SWC","Type","DryWet"
0.889220145250732,2.10363900601027,1.03301756673299,0.570587696597591,"Dryland","wet"
