"Tair","SW","VPD","SWC","Type","DryWet"
1.10241702991087,3.45474866922817,1.75407298068044,1.47272298639872,"Forest","dry"
