"Tair","SW","VPD","SWC","Type","DryWet"
0.89178719954054,1.50499538834719,1.29275411410649,1.2148612252538,"Dryland","dry"
