"Tair","SW","VPD","SWC","Type","DryWet"
0.890567226056824,1.51066696924479,1.31393595182734,1.23195232930254,"Dryland","dry"
