"Tair","SW","VPD","SWC","Type","DryWet"
1.5095428071265,3.29444632063591,1.24527427798513,1.09276452879686,"Grassland","wet"
