"Tair","SW","VPD","SWC","AI","DryWet"
0.153160458996922,0.0421968569785837,0.0772511013563394,0.0595244089498341,0.5,"dry"
