"Tair","SW","VPD","SWC","AI","DryWet"
0.148478662662697,0.0392375399408766,0.0735636146548058,0.0610088290196431,0.5,"dry"
