"Tair","SW","VPD","SWC","Type","DryWet"
1.52273535634158,3.29901488308479,1.24282274876245,1.07358159180206,"Grassland","wet"
