"Tair","SW","VPD","SWC","Type","DryWet"
1.11553111611043,2.19900151560488,1.7227411126665,1.44203055302239,"Grassland","dry"
