"Tair","SW","VPD","SWC","Type","DryWet"
0.900483219764297,1.49720498283854,1.30772908099156,1.23577567787849,"Dryland","dry"
